field_id	documents	values	value_status
A.001	260	260	reported=260
A.002	309	309	reported=309
A.003	324	324	reported=324
A.004	300	300	reported=300
A.005	242	242	reported=242
A.006	47	47	reported=47
A.007	8	8	reported=8
A.008	314	314	reported=314
A.009	246	246	reported=246
A.010	249	249	parse_error=11;reported=238
A.011	152	152	reported=152
A.012	228	228	not_applicable=1;parse_error=95;reported=132
A.013	261	261	reported=261
A.014	229	229	parse_error=1;reported=228
A.015	237	237	parse_error=2;reported=235
A.0A	8	8	reported=8
A.101	411	411	reported=411
A.102	256	256	reported=256
A.103	31	31	reported=31
A.104	7	7	reported=7
A.105	342	342	reported=342
A.106	316	316	parse_error=187;reported=129
A.107	315	315	parse_error=11;reported=304
A.108	230	230	parse_error=108;reported=122
A.109	202	202	parse_error=19;reported=183
A.110	313	313	parse_error=105;reported=208
A.111	28	28	reported=28
A.112	304	304	reported=304
A.113	40	40	reported=40
A.114	39	39	reported=39
A.115	11	11	reported=11
A.116	4	4	reported=4
A.117	32	32	reported=32
A.118	31	31	reported=31
A.119	32	32	parse_error=5;reported=27
A.120	30	30	reported=30
A.121	202	202	parse_error=1;reported=201
A.122	306	306	parse_error=100;reported=206
A.123	7	7	parse_error=2;reported=5
A.124	17	17	parse_error=2;reported=15
A.125	22	22	parse_error=18;reported=4
A.126	4	4	reported=4
A.127	326	326	reported=326
A.128	186	186	parse_error=2;reported=184
A.129	7	7	reported=7
A.201	287	287	reported=287
A.202	12	12	reported=12
A.203	2	2	reported=2
A.301	307	307	reported=307
A.302	2	2	reported=2
A.303	3	3	reported=3
A.401	298	298	reported=298
A.402	8	8	reported=8
A.403	7	7	reported=7
A.404	4	4	reported=4
A.405	8	8	reported=8
A.406	4	4	reported=4
A.407	2	2	reported=2
A.501	209	209	reported=209
A.502	30	30	reported=30
A.503	107	107	reported=107
A.504	30	30	reported=30
A.505	34	34	reported=34
A.506	412	412	parse_error=1;reported=411
A.507	249	249	reported=249
A.508	366	366	reported=366
A.509	226	226	reported=226
A.510	250	250	reported=250
A.511	235	235	reported=235
A.512	37	37	reported=37
A.601	199	199	reported=199
B.101	425	425	parse_error=4;reported=421
B.102	395	395	parse_error=4;reported=391
B.103	362	362	parse_error=25;reported=337
B.104	337	337	parse_error=4;reported=333
B.105	229	229	parse_error=5;reported=224
B.106	401	401	parse_error=4;reported=397
B.107	172	172	parse_error=3;reported=169
B.108	289	289	parse_error=3;reported=286
B.109	233	233	parse_error=24;reported=209
B.110	246	246	parse_error=3;reported=243
B.111	139	139	parse_error=4;reported=135
B.112	303	303	parse_error=3;reported=300
B.113	205	205	parse_error=4;reported=201
B.114	229	229	parse_error=5;reported=224
B.115	172	172	parse_error=4;reported=168
B.116	364	364	parse_error=4;reported=360
B.117	232	232	parse_error=4;reported=228
B.118	224	224	parse_error=3;reported=221
B.119	164	164	parse_error=5;reported=159
B.120	279	279	parse_error=4;reported=275
B.1201	13	13	not_applicable=1;parse_error=1;reported=11
B.1202	4	4	not_applicable=1;reported=3
B.121	248	248	parse_error=24;reported=224
B.122	185	185	parse_error=4;reported=181
B.123	89	89	parse_error=3;reported=86
B.124	322	322	parse_error=25;reported=297
B.125	204	204	parse_error=4;reported=200
B.126	413	413	parse_error=3;reported=410
B.127	348	348	parse_error=3;reported=345
B.128	373	373	parse_error=3;reported=370
B.129	226	226	parse_error=3;reported=223
B.130	197	197	parse_error=3;reported=194
B.1301	31	31	not_applicable=1;reported=30
B.1302	3	3	not_applicable=1;reported=2
B.131	313	313	parse_error=3;reported=310
B.132	258	258	parse_error=3;reported=255
B.133	195	195	parse_error=2;reported=193
B.134	208	208	parse_error=2;reported=206
B.135	152	152	parse_error=2;reported=150
B.136	268	268	parse_error=2;reported=266
B.137	225	225	parse_error=2;reported=223
B.138	184	184	parse_error=2;reported=182
B.139	143	143	parse_error=1;reported=142
B.140	362	362	parse_error=1;reported=361
B.1401	212	212	not_applicable=1;reported=211
B.1402	186	186	not_applicable=1;reported=185
B.141	188	188	parse_error=2;reported=186
B.142	206	206	parse_error=3;reported=203
B.143	134	134	parse_error=1;reported=133
B.144	270	270	parse_error=1;reported=269
B.145	197	197	parse_error=1;reported=196
B.146	218	218	parse_error=1;reported=217
B.147	91	91	parse_error=1;reported=90
B.148	308	308	parse_error=1;reported=307
B.149	99	99	parse_error=1;reported=98
B.150	145	145	parse_error=3;reported=142
B.1501	20	20	not_applicable=1;parse_error=1;reported=18
B.1502	7	7	not_applicable=1;parse_error=1;reported=5
B.151	230	230	parse_error=5;reported=225
B.152	250	250	parse_error=1;reported=249
B.153	172	172	parse_error=3;reported=169
B.154	210	210	parse_error=3;reported=207
B.155	98	98	parse_error=3;reported=95
B.156	288	288	parse_error=3;reported=285
B.157	160	160	parse_error=2;reported=158
B.158	157	157	parse_error=2;reported=155
B.159	103	103	parse_error=4;reported=99
B.160	289	289	parse_error=3;reported=286
B.1601	21	21	not_applicable=1;reported=20
B.1602	5	5	not_applicable=1;reported=4
B.161	151	151	parse_error=2;reported=149
B.162	219	219	parse_error=4;reported=215
B.163	124	124	parse_error=4;reported=120
B.164	238	238	parse_error=3;reported=235
B.165	195	195	parse_error=3;reported=192
B.166	182	182	parse_error=3;reported=179
B.167	166	166	parse_error=4;reported=162
B.168	325	325	parse_error=4;reported=321
B.169	181	181	parse_error=24;reported=157
B.170	154	154	parse_error=4;reported=150
B.1701	15	15	not_applicable=1;reported=14
B.1702	4	4	not_applicable=1;reported=3
B.171	155	155	parse_error=5;reported=150
B.172	226	226	parse_error=5;reported=221
B.173	159	159	parse_error=4;reported=155
B.174	159	159	parse_error=4;reported=155
B.175	126	126	parse_error=4;reported=122
B.176	387	387	parse_error=4;reported=383
B.177	375	375	parse_error=3;reported=372
B.178	382	382	parse_error=3;reported=379
B.179	21	21	parse_error=4;reported=17
B.180	146	146	parse_error=3;reported=143
B.1801	74	74	not_applicable=1;reported=73
B.1802	18	18	not_applicable=1;reported=17
B.181	90	90	parse_error=2;reported=88
B.182	93	93	parse_error=4;reported=89
B.183	28	28	parse_error=4;reported=24
B.184	235	235	parse_error=4;reported=231
B.185	27	27	parse_error=4;reported=23
B.186	29	29	parse_error=4;reported=25
B.187	29	29	parse_error=4;reported=25
B.188	158	158	parse_error=4;reported=154
B.189	29	29	parse_error=4;reported=25
B.190	29	29	parse_error=4;reported=25
B.1901	22	22	not_applicable=1;reported=21
B.1902	4	4	not_applicable=1;reported=3
B.191	28	28	parse_error=4;reported=24
B.192	183	183	parse_error=4;reported=179
B.193	93	93	parse_error=5;reported=88
B.194	94	94	parse_error=4;reported=90
B.195	93	93	parse_error=4;reported=89
B.2001	8	8	not_applicable=1;reported=7
B.2002	4	4	not_applicable=1;reported=3
B.201	472	472	parse_error=4;reported=468
B.202	466	466	parse_error=4;reported=462
B.203	462	462	parse_error=4;reported=458
B.204	462	462	parse_error=5;reported=457
B.205	454	454	parse_error=4;reported=450
B.206	465	465	parse_error=4;reported=461
B.207	430	430	parse_error=4;reported=426
B.208	458	458	parse_error=4;reported=454
B.209	454	454	parse_error=4;reported=450
B.210	468	468	parse_error=4;reported=464
B.2101	10	10	not_applicable=1;parse_error=1;reported=8
B.2102	5	5	not_applicable=1;parse_error=1;reported=3
B.211	441	441	parse_error=3;reported=438
B.212	456	456	parse_error=3;reported=453
B.213	459	459	parse_error=3;reported=456
B.214	454	454	parse_error=4;reported=450
B.215	456	456	parse_error=3;reported=453
B.216	456	456	parse_error=2;reported=454
B.217	445	445	parse_error=2;reported=443
B.218	455	455	parse_error=3;reported=452
B.219	453	453	parse_error=3;reported=450
B.220	462	462	parse_error=3;reported=459
B.2201	68	68	reported=68
B.2202	56	56	reported=56
B.2203	277	277	parse_error=1;reported=276
B.221	411	411	parse_error=4;reported=407
B.222	423	423	parse_error=4;reported=419
B.223	425	425	parse_error=4;reported=421
B.224	422	422	parse_error=5;reported=417
B.225	423	423	parse_error=4;reported=419
B.226	424	424	parse_error=4;reported=420
B.227	415	415	parse_error=5;reported=410
B.228	422	422	parse_error=4;reported=418
B.229	420	420	parse_error=4;reported=416
B.230	457	457	parse_error=4;reported=453
B.301	213	213	parse_error=4;reported=209
B.302	159	159	parse_error=4;reported=155
B.303	395	395	parse_error=3;reported=392
B.304	229	229	parse_error=5;reported=224
B.305	387	387	parse_error=4;reported=383
B.306	230	230	parse_error=5;reported=225
B.307	279	279	parse_error=4;reported=275
B.308	280	280	parse_error=4;reported=276
B.309	116	116	parse_error=5;reported=111
B.401	442	442	parse_error=4;reported=438
B.402	443	443	parse_error=4;reported=439
B.403	441	441	parse_error=3;reported=438
B.404	448	448	parse_error=1;reported=447
B.405	390	390	parse_error=5;reported=385
B.406	399	399	parse_error=3;reported=396
B.407	398	398	parse_error=4;reported=394
B.408	443	443	parse_error=3;reported=440
B.409	442	442	parse_error=5;reported=437
B.410	445	445	parse_error=5;reported=440
B.411	443	443	parse_error=5;reported=438
B.412	437	437	parse_error=3;reported=434
B.413	437	437	parse_error=3;reported=434
B.414	433	433	parse_error=3;reported=430
B.415	435	435	parse_error=4;reported=431
B.416	440	440	parse_error=3;reported=437
B.417	435	435	parse_error=3;reported=432
B.418	436	436	parse_error=3;reported=433
B.419	433	433	reported=433
B.420	449	449	reported=449
B.421	434	434	parse_error=2;reported=432
B.422	436	436	parse_error=2;reported=434
B.423	434	434	parse_error=5;reported=429
B.424	450	450	parse_error=2;reported=448
B.425	442	442	parse_error=2;reported=440
B.426	441	441	parse_error=4;reported=437
B.427	440	440	parse_error=3;reported=437
B.428	447	447	parse_error=1;reported=446
B.429	437	437	parse_error=17;reported=420
B.430	436	436	parse_error=16;reported=420
B.431	436	436	parse_error=16;reported=420
B.432	442	442	parse_error=16;reported=426
B.501	330	330	parse_error=3;reported=327
B.502	331	331	parse_error=3;reported=328
B.503	329	329	parse_error=2;reported=327
B.504	413	413	reported=413
B.505	300	300	parse_error=1;reported=299
B.506	305	305	parse_error=1;reported=304
B.507	296	296	parse_error=1;reported=295
B.508	410	410	parse_error=1;reported=409
B.509	374	374	parse_error=5;reported=369
B.510	374	374	parse_error=6;reported=368
B.511	375	375	parse_error=5;reported=370
B.512	410	410	parse_error=2;reported=408
B.513	328	328	parse_error=3;reported=325
B.514	328	328	parse_error=3;reported=325
B.515	326	326	parse_error=3;reported=323
B.516	409	409	parse_error=2;reported=407
B.517	328	328	parse_error=4;reported=324
B.518	327	327	parse_error=4;reported=323
B.519	326	326	parse_error=2;reported=324
B.520	412	412	reported=412
B.521	332	332	parse_error=4;reported=328
B.522	330	330	parse_error=4;reported=326
B.523	330	330	parse_error=2;reported=328
B.524	414	414	reported=414
B.525	353	353	parse_error=3;reported=350
B.526	355	355	parse_error=5;reported=350
B.527	352	352	parse_error=2;reported=350
B.528	415	415	reported=415
B.529	347	347	parse_error=24;reported=323
B.530	344	344	parse_error=22;reported=322
B.531	341	341	parse_error=20;reported=321
B.532	345	345	parse_error=19;reported=326
C.1001	350	350	not_applicable=1;parse_error=4;reported=345
C.1002	349	349	not_applicable=1;parse_error=3;reported=345
C.1003	346	346	not_applicable=1;parse_error=2;reported=343
C.1004	334	334	not_applicable=1;parse_error=4;reported=329
C.1005	344	344	not_applicable=1;parse_error=6;reported=337
C.1006	296	296	not_applicable=2;parse_error=5;reported=289
C.101	490	490	parse_error=3;reported=487
C.102	494	494	parse_error=2;reported=492
C.103	333	333	parse_error=4;reported=329
C.104	409	409	parse_error=5;reported=404
C.105	492	492	parse_error=2;reported=490
C.106	449	449	parse_error=2;reported=447
C.107	365	365	parse_error=2;reported=363
C.108	388	388	parse_error=2;reported=386
C.109	454	454	parse_error=2;reported=452
C.110	468	468	parse_error=2;reported=466
C.1101	190	190	not_applicable=1;parse_error=2;reported=187
C.1102	184	184	not_applicable=1;parse_error=1;reported=182
C.1103	187	187	not_applicable=1;parse_error=1;reported=185
C.1104	188	188	not_applicable=2;parse_error=2;reported=184
C.1105	183	183	not_applicable=1;parse_error=3;reported=179
C.1106	178	178	not_applicable=1;parse_error=3;reported=174
C.1107	156	156	not_applicable=1;parse_error=4;reported=151
C.1108	128	128	not_applicable=1;parse_error=2;reported=125
C.1109	111	111	not_applicable=1;parse_error=1;reported=109
C.111	486	486	parse_error=3;reported=483
C.1110	295	295	reported=295
C.1111	157	157	not_applicable=1;parse_error=2;reported=154
C.1112	153	153	not_applicable=1;parse_error=1;reported=151
C.1113	154	154	not_applicable=1;parse_error=1;reported=152
C.1114	154	154	not_applicable=1;parse_error=2;reported=151
C.1115	153	153	not_applicable=1;parse_error=2;reported=150
C.1116	152	152	not_applicable=1;parse_error=1;reported=150
C.1117	138	138	not_applicable=1;parse_error=2;reported=135
C.1118	113	113	not_applicable=1;parse_error=2;reported=110
C.1119	93	93	not_applicable=1;parse_error=1;reported=91
C.112	469	469	parse_error=2;reported=467
C.1120	285	285	reported=285
C.1121	250	250	parse_error=2;reported=248
C.1122	246	246	parse_error=1;reported=245
C.1123	248	248	parse_error=1;reported=247
C.1124	247	247	parse_error=2;reported=245
C.1125	245	245	parse_error=1;reported=244
C.1126	240	240	parse_error=2;reported=238
C.1127	213	213	parse_error=2;reported=211
C.1128	183	183	parse_error=3;reported=180
C.1129	138	138	parse_error=3;reported=135
C.113	326	326	parse_error=4;reported=322
C.1130	292	292	reported=292
C.114	287	287	parse_error=2;reported=285
C.115	322	322	parse_error=4;reported=318
C.116	352	352	parse_error=3;reported=349
C.117	494	494	parse_error=3;reported=491
C.118	492	492	parse_error=2;reported=490
C.119	455	455	parse_error=2;reported=453
C.120	407	407	parse_error=1;reported=406
C.1201	340	340	parse_error=1;reported=339
C.1202	336	336	parse_error=4;reported=332
C.121	416	416	parse_error=3;reported=413
C.122	401	401	parse_error=3;reported=398
C.123	406	406	parse_error=3;reported=403
C.124	413	413	parse_error=1;reported=412
C.125	396	396	parse_error=2;reported=394
C.126	393	393	parse_error=2;reported=391
C.127	398	398	parse_error=2;reported=396
C.128	336	336	parse_error=2;reported=334
C.129	237	237	not_applicable=1;parse_error=4;reported=232
C.130	245	245	not_applicable=1;parse_error=2;reported=242
C.1301	292	292	parse_error=4;reported=288
C.1302	270	270	not_applicable=1;parse_error=3;reported=266
C.1303	307	307	not_applicable=4;parse_error=3;reported=300
C.1304	205	205	not_applicable=2;reported=203
C.1305	115	115	not_applicable=4;parse_error=2;reported=109
C.1307	9	9	reported=9
C.131	161	161	not_applicable=1;parse_error=2;reported=158
C.1401	201	201	parse_error=2;reported=199
C.1402	237	237	reported=237
C.1403	235	235	reported=235
C.1404	147	147	reported=147
C.1405	147	147	reported=147
C.1501	241	241	not_applicable=1;parse_error=1;reported=239
C.1601	162	162	reported=162
C.1602	27	27	reported=27
C.1603	43	43	reported=43
C.1604	128	128	reported=128
C.1605	143	143	reported=143
C.1606	135	135	reported=135
C.1607	7	7	reported=7
C.1608	3	3	reported=3
C.1701	116	116	reported=116
C.1702	115	115	reported=115
C.1703	143	143	reported=143
C.1704	15	15	reported=15
C.1705	97	97	parse_error=2;reported=95
C.1706	25	25	parse_error=2;reported=23
C.1707	51	51	parse_error=1;reported=50
C.1708	4	4	reported=4
C.1709	125	125	not_applicable=2;reported=123
C.1710	127	127	not_applicable=2;reported=125
C.1711	193	193	not_applicable=1;parse_error=1;reported=191
C.1712	50	50	not_applicable=1;reported=49
C.1801	257	257	parse_error=3;reported=254
C.1802	394	394	not_applicable=2;reported=392
C.1901	294	294	parse_error=2;reported=292
C.201	224	224	parse_error=1;reported=223
C.202	233	233	not_applicable=1;parse_error=2;reported=230
C.203	230	230	not_applicable=2;parse_error=2;reported=226
C.204	241	241	not_applicable=1;parse_error=4;reported=236
C.205	42	42	not_applicable=3;parse_error=1;reported=38
C.206	6	6	not_applicable=3;parse_error=1;reported=2
C.207	27	27	not_applicable=3;parse_error=1;reported=23
C.2101	287	287	parse_error=2;reported=285
C.2102	26	26	not_applicable=1;reported=25
C.2103	26	26	not_applicable=1;reported=25
C.2104	76	76	not_applicable=1;reported=75
C.2105	68	68	not_applicable=1;reported=67
C.2106	127	127	not_applicable=1;reported=126
C.2107	128	128	not_applicable=1;reported=127
C.2108	35	35	not_applicable=1;reported=34
C.2109	26	26	not_applicable=1;reported=25
C.2110	47	47	not_applicable=1;reported=46
C.2111	47	47	not_applicable=1;reported=46
C.2112	7	7	reported=7
C.2201	282	282	parse_error=2;reported=280
C.2202	30	30	not_applicable=1;reported=29
C.2203	28	28	not_applicable=1;reported=27
C.2204	26	26	not_applicable=1;reported=25
C.2205	21	21	not_applicable=1;reported=20
C.2206	63	63	not_applicable=2;parse_error=2;reported=59
C.301	73	73	reported=73
C.302	6	6	reported=6
C.303	6	6	reported=6
C.401	53	53	reported=53
C.402	8	8	reported=8
C.403	4	4	reported=4
C.501	285	285	reported=285
C.502	284	284	reported=284
C.503	304	304	reported=304
C.504	306	306	reported=306
C.505	215	215	reported=215
C.506	253	253	reported=253
C.507	264	264	reported=264
C.508	172	172	reported=172
C.509	115	115	reported=115
C.510	83	83	reported=83
C.511	102	102	reported=102
C.512	48	48	not_applicable=1;reported=47
C.513	233	233	reported=233
C.514	224	224	reported=224
C.515	276	276	not_applicable=1;reported=275
C.516	267	267	not_applicable=1;reported=266
C.517	170	170	not_applicable=1;reported=169
C.518	275	275	reported=275
C.519	231	231	reported=231
C.520	151	151	reported=151
C.521	98	98	reported=98
C.522	86	86	reported=86
C.523	71	71	reported=71
C.524	33	33	reported=33
C.601	19	19	reported=19
C.602	23	23	not_applicable=5;reported=18
C.603	19	19	not_applicable=5;reported=14
C.604	32	32	not_applicable=7;reported=25
C.701	443	443	reported=443
C.702	435	435	reported=435
C.703	451	451	reported=451
C.704	438	438	reported=438
C.705	455	455	reported=455
C.706	446	446	reported=446
C.707	381	381	reported=381
C.708	441	441	reported=441
C.709	440	440	reported=440
C.710	430	430	reported=430
C.711	429	429	not_applicable=1;reported=428
C.712	421	421	reported=421
C.713	406	406	reported=406
C.714	404	404	reported=404
C.715	394	394	reported=394
C.716	408	408	reported=408
C.717	398	398	reported=398
C.718	394	394	reported=394
C.719	2	2	not_applicable=1;reported=1
C.801	229	229	not_applicable=1;parse_error=1;reported=227
C.802	120	120	reported=120
C.803	60	60	reported=60
C.804	61	61	reported=61
C.8D	202	202	parse_error=2;reported=200
C.8E	17	17	reported=17
C.8E01	37	37	not_applicable=1;reported=36
C.8E02	37	37	not_applicable=1;reported=36
C.8F	32	32	parse_error=1;reported=31
C.8G	3	3	reported=3
C.8G01	152	152	reported=152
C.8G02	167	167	reported=167
C.8G03	269	269	reported=269
C.8G04	152	152	reported=152
C.8G05	239	239	reported=239
C.8G06	45	45	reported=45
C.8G07	29	29	not_applicable=1;reported=28
C.901	473	473	parse_error=5;reported=468
C.902	465	465	parse_error=7;reported=458
C.903	411	411	parse_error=2;reported=409
C.904	410	410	parse_error=2;reported=408
C.905	447	447	parse_error=3;reported=444
C.906	446	446	parse_error=4;reported=442
C.907	449	449	parse_error=5;reported=444
C.908	428	428	parse_error=2;reported=426
C.909	425	425	parse_error=3;reported=422
C.910	430	430	parse_error=3;reported=427
C.911	473	473	parse_error=2;reported=471
C.912	467	467	parse_error=2;reported=465
C.913	472	472	parse_error=5;reported=467
C.914	470	470	parse_error=6;reported=464
C.915	466	466	parse_error=4;reported=462
C.916	470	470	parse_error=4;reported=466
C.917	418	418	parse_error=10;reported=408
C.918	415	415	parse_error=12;reported=403
C.919	411	411	parse_error=4;reported=407
C.920	406	406	parse_error=2;reported=404
C.921	403	403	parse_error=3;reported=400
C.922	410	410	parse_error=8;reported=402
C.923	32	32	not_applicable=2;parse_error=6;reported=24
C.924	29	29	not_applicable=2;parse_error=4;reported=23
C.925	31	31	not_applicable=2;parse_error=8;reported=21
C.926	90	90	parse_error=5;reported=85
C.927	82	82	parse_error=5;reported=77
C.928	85	85	parse_error=10;reported=75
C.929	82	82	parse_error=4;reported=78
C.930	85	85	parse_error=4;reported=81
C.931	85	85	parse_error=5;reported=80
C.932	385	385	parse_error=7;reported=378
C.933	388	388	parse_error=7;reported=381
C.934	369	369	parse_error=7;reported=362
C.935	324	324	parse_error=7;reported=317
C.936	280	280	parse_error=7;reported=273
C.937	255	255	parse_error=7;reported=248
C.938	336	336	parse_error=3;reported=333
C.939	396	396	parse_error=7;reported=389
C.940	394	394	parse_error=5;reported=389
C.941	376	376	parse_error=8;reported=368
C.942	334	334	parse_error=6;reported=328
C.943	291	291	parse_error=5;reported=286
C.944	257	257	parse_error=5;reported=252
C.945	369	369	parse_error=3;reported=366
C.946	379	379	parse_error=7;reported=372
C.947	378	378	parse_error=5;reported=373
C.948	355	355	parse_error=8;reported=347
C.949	317	317	not_applicable=1;parse_error=7;reported=309
C.950	269	269	parse_error=6;reported=263
C.951	246	246	parse_error=5;reported=241
C.952	260	260	parse_error=4;reported=256
C.953	385	385	parse_error=6;reported=379
C.954	381	381	parse_error=5;reported=376
C.955	337	337	not_applicable=1;parse_error=7;reported=329
C.956	289	289	parse_error=9;reported=280
C.957	236	236	parse_error=6;reported=230
C.958	276	276	parse_error=4;reported=272
C.959	281	281	parse_error=3;reported=278
C.960	111	111	parse_error=7;reported=104
C.961	107	107	parse_error=6;reported=101
C.962	100	100	parse_error=8;reported=92
C.963	91	91	parse_error=9;reported=82
C.964	71	71	parse_error=5;reported=66
C.965	65	65	parse_error=4;reported=61
C.966	43	43	parse_error=3;reported=40
C.967	103	103	parse_error=7;reported=96
C.968	100	100	parse_error=5;reported=95
C.969	93	93	parse_error=6;reported=87
C.970	86	86	parse_error=5;reported=81
C.971	70	70	parse_error=5;reported=65
C.972	60	60	parse_error=3;reported=57
C.973	39	39	parse_error=2;reported=37
C.974	37	37	parse_error=4;reported=33
C.975	35	35	parse_error=3;reported=32
C.976	35	35	parse_error=3;reported=32
C.977	34	34	parse_error=5;reported=29
C.978	30	30	parse_error=3;reported=27
C.979	30	30	parse_error=4;reported=26
C.980	39	39	parse_error=2;reported=37
C.981	72	72	parse_error=7;reported=65
C.982	70	70	parse_error=6;reported=64
C.983	66	66	parse_error=8;reported=58
C.984	59	59	parse_error=6;reported=53
C.985	53	53	parse_error=7;reported=46
C.986	48	48	parse_error=3;reported=45
C.987	39	39	parse_error=1;reported=38
C.988	44	44	parse_error=6;reported=38
C.989	41	41	parse_error=6;reported=35
C.990	38	38	parse_error=6;reported=32
C.991	34	34	parse_error=5;reported=29
C.992	31	31	parse_error=6;reported=25
C.993	27	27	parse_error=3;reported=24
C.994	15	15	parse_error=3;reported=12
D.1001	146	146	not_applicable=7;parse_error=2;reported=137
D.101	176	176	parse_error=1;reported=175
D.102	158	158	parse_error=1;reported=157
D.1101	249	249	not_applicable=2;parse_error=2;reported=245
D.1201	82	82	parse_error=38;reported=44
D.1301	151	151	not_applicable=4;parse_error=2;reported=145
D.1302	143	143	not_applicable=2;parse_error=68;reported=73
D.1401	136	136	not_applicable=3;parse_error=2;reported=131
D.1402	130	130	not_applicable=2;parse_error=62;reported=66
D.1501	56	56	not_applicable=5;parse_error=1;reported=50
D.1502	13	13	parse_error=13
D.1601	245	245	reported=245
D.1602	39	39	parse_error=39
D.1701	19	19	not_applicable=2;parse_error=3;reported=14
D.1801	183	183	not_applicable=1;parse_error=2;reported=180
D.1802	190	190	not_applicable=3;parse_error=3;reported=184
D.1803	173	173	not_applicable=3;parse_error=2;reported=168
D.1901	101	101	not_applicable=3;parse_error=2;reported=96
D.1902	91	91	not_applicable=2;reported=89
D.2001	116	116	not_applicable=2;parse_error=3;reported=111
D.2002	105	105	not_applicable=1;reported=104
D.201	371	371	parse_error=2;reported=369
D.202	381	381	parse_error=2;reported=379
D.203	183	183	parse_error=4;reported=179
D.204	414	414	parse_error=5;reported=409
D.205	377	377	parse_error=3;reported=374
D.206	376	376	parse_error=3;reported=373
D.207	252	252	parse_error=3;reported=249
D.208	370	370	parse_error=2;reported=368
D.209	360	360	parse_error=24;reported=336
D.210	388	388	parse_error=4;reported=384
D.2101	171	171	not_applicable=1;parse_error=1;reported=169
D.2102	236	236	not_applicable=1;parse_error=1;reported=234
D.211	250	250	parse_error=4;reported=246
D.212	444	444	parse_error=3;reported=441
D.213	26	26	parse_error=3;reported=23
D.214	49	49	parse_error=2;reported=47
D.215	86	86	parse_error=2;reported=84
D.2201	246	246	not_applicable=4;parse_error=2;reported=240
D.2202	4	4	not_applicable=1;reported=3
D.301	361	361	reported=361
D.302	53	53	reported=53
D.303	323	323	reported=323
D.304	173	173	not_applicable=1;reported=172
D.401	272	272	parse_error=29;reported=243
D.402	81	81	not_applicable=2;parse_error=6;reported=73
D.403	70	70	not_applicable=2;reported=68
D.501	401	401	not_applicable=8;reported=393
D.502	421	421	not_applicable=1;reported=420
D.503	407	407	not_applicable=256;reported=151
D.504	389	389	not_applicable=310;reported=79
D.505	387	387	not_applicable=288;reported=99
D.506	397	397	not_applicable=260;reported=137
D.601	31	31	not_applicable=6;reported=25
D.701	242	242	not_applicable=1;reported=241
D.801	267	267	not_applicable=3;parse_error=1;reported=263
D.901	27	27	reported=27
D.902	22	22	not_applicable=1;reported=21
D.903	11	11	not_applicable=1;reported=10
D.904	9	9	not_applicable=1;reported=8
D.905	33	33	reported=33
D.906	19	19	not_applicable=1;reported=18
D.907	19	19	reported=19
D.908	14	14	not_applicable=1;reported=13
D.909	275	275	not_applicable=1;reported=274
D.910	268	268	not_applicable=1;reported=267
D.911	12	12	not_applicable=2;reported=10
D.912	14	14	not_applicable=2;reported=12
D.913	218	218	not_applicable=1;reported=217
D.914	212	212	not_applicable=1;reported=211
D.915	22	22	not_applicable=1;reported=21
D.916	19	19	not_applicable=1;reported=18
D.917	130	130	not_applicable=1;reported=129
D.918	125	125	not_applicable=1;reported=124
D.919	13	13	not_applicable=2;reported=11
D.920	12	12	not_applicable=2;reported=10
D.921	80	80	reported=80
D.922	80	80	reported=80
D.923	3	3	reported=3
D.924	3	3	reported=3
D.925	48	48	reported=48
D.926	48	48	reported=48
D.927	1	1	not_applicable=1
D.928	1	1	not_applicable=1
D.929	34	34	reported=34
D.930	34	34	reported=34
D.931	3	3	reported=3
D.932	3	3	reported=3
D.933	133	133	reported=133
D.934	7	7	reported=7
D.935	135	135	reported=135
D.936	16	16	reported=16
E.101	289	289	reported=289
E.102	116	116	reported=116
E.103	260	260	reported=260
E.104	318	318	reported=318
E.105	418	418	reported=418
E.106	286	286	reported=286
E.107	215	215	reported=215
E.108	228	228	reported=228
E.109	63	63	reported=63
E.110	362	362	reported=362
E.111	416	416	reported=416
E.112	404	404	reported=404
E.113	209	209	reported=209
E.114	340	340	reported=340
E.115	434	434	reported=434
E.116	367	367	reported=367
E.117	380	380	reported=380
E.118	82	82	reported=82
E.119	105	105	reported=105
E.120	56	56	reported=56
E.301	295	295	reported=295
E.302	105	105	reported=105
E.303	357	357	reported=357
E.304	214	214	reported=214
E.305	233	233	reported=233
E.306	87	87	reported=87
E.307	365	365	reported=365
E.308	206	206	reported=206
E.309	365	365	reported=365
E.310	158	158	reported=158
E.311	378	378	reported=378
E.312	376	376	reported=376
E.313	142	142	reported=142
E.314	119	119	reported=119
F.101	466	466	parse_error=6;reported=460
F.102	306	306	not_applicable=3;parse_error=3;reported=300
F.103	309	309	not_applicable=2;parse_error=3;reported=304
F.104	373	373	parse_error=4;reported=369
F.105	422	422	parse_error=2;reported=420
F.106	424	424	parse_error=11;reported=413
F.107	445	445	parse_error=3;reported=442
F.108	448	448	not_applicable=1;parse_error=3;reported=444
F.109	436	436	parse_error=7;reported=429
F.110	310	310	not_applicable=3;parse_error=6;reported=301
F.111	311	311	not_applicable=1;parse_error=5;reported=305
F.112	373	373	parse_error=7;reported=366
F.113	429	429	parse_error=8;reported=421
F.114	426	426	parse_error=10;reported=416
F.115	443	443	parse_error=2;reported=441
F.116	445	445	parse_error=1;reported=444
F.201	443	443	reported=443
F.202	460	460	reported=460
F.203	435	435	reported=435
F.204	460	460	reported=460
F.205	465	465	reported=465
F.206	438	438	reported=438
F.207	423	423	reported=423
F.208	435	435	reported=435
F.209	250	250	reported=250
F.210	342	342	reported=342
F.211	454	454	reported=454
F.212	376	376	reported=376
F.213	244	244	reported=244
F.214	373	373	reported=373
F.215	414	414	reported=414
F.216	475	475	reported=475
F.217	455	455	reported=455
F.218	360	360	reported=360
F.219	374	374	reported=374
F.220	272	272	reported=272
F.221	253	253	reported=253
F.301	55	55	reported=55
F.302	31	31	reported=31
F.303	37	37	reported=37
F.304	16	16	reported=16
F.305	19	19	reported=19
F.306	47	47	reported=47
F.307	33	33	reported=33
F.308	11	11	reported=11
F.309	17	17	reported=17
F.310	32	32	reported=32
F.401	291	291	reported=291
F.402	89	89	reported=89
F.403	118	118	reported=118
F.404	147	147	reported=147
F.405	323	323	reported=323
F.406	262	262	reported=262
F.407	141	141	reported=141
F.408	167	167	reported=167
F.409	63	63	reported=63
F.410	247	247	reported=247
F.411	102	102	reported=102
F.412	232	232	reported=232
F.413	50	50	not_applicable=1;reported=49
F.414	20	20	reported=20
G.001	345	345	parse_error=13;reported=332
G.002	129	129	reported=129
G.003	48	48	reported=48
G.101	227	227	not_applicable=1;reported=226
G.102	227	227	not_applicable=2;reported=225
G.103	139	139	not_applicable=2;reported=137
G.104	138	138	not_applicable=1;reported=137
G.105	143	143	not_applicable=1;reported=142
G.106	115	115	not_applicable=1;reported=114
G.107	142	142	not_applicable=2;reported=140
G.108	140	140	not_applicable=1;reported=139
G.109	148	148	not_applicable=1;reported=147
G.110	120	120	not_applicable=1;reported=119
G.111	370	370	reported=370
G.112	315	315	reported=315
G.113	293	293	not_applicable=20;reported=273
G.114	296	296	not_applicable=21;reported=275
G.115	376	376	reported=376
G.116	306	306	reported=306
G.117	278	278	reported=278
G.118	282	282	reported=282
G.119	16	16	not_applicable=3;reported=13
G.120	28	28	reported=28
G.201	249	249	parse_error=8;reported=241
G.202	85	85	parse_error=5;reported=80
G.301	194	194	parse_error=3;reported=191
G.401	203	203	parse_error=2;reported=201
G.402	41	41	not_applicable=1;parse_error=7;reported=33
G.501	360	360	not_applicable=1;reported=359
G.502	361	361	not_applicable=1;reported=360
G.503	361	361	parse_error=1;reported=360
G.504	341	341	not_applicable=1;reported=340
G.505	86	86	not_applicable=1;reported=85
G.506	338	338	not_applicable=1;reported=337
G.507	340	340	reported=340
G.508	334	334	reported=334
G.509	82	82	reported=82
G.510	79	79	reported=79
G.511	206	206	reported=206
G.512	316	316	reported=316
G.513	324	324	parse_error=1;reported=323
G.601	62	62	not_applicable=1;reported=61
G.602	124	124	not_applicable=1;reported=123
G.603	126	126	not_applicable=1;reported=125
G.604	165	165	reported=165
G.605	161	161	reported=161
G.606	40	40	reported=40
H.1001	20	20	reported=20
H.1002	21	21	reported=21
H.1003	21	21	reported=21
H.1004	129	129	reported=129
H.1005	133	133	reported=133
H.1006	133	133	reported=133
H.101	229	229	reported=229
H.102	161	161	reported=161
H.103	75	75	reported=75
H.104	44	44	reported=44
H.105	404	404	reported=404
H.106	417	417	reported=417
H.107	441	441	reported=441
H.108	416	416	reported=416
H.109	440	440	not_applicable=1;reported=439
H.110	462	462	reported=462
H.1101	160	160	not_applicable=2;reported=158
H.1102	174	174	not_applicable=1;parse_error=2;reported=171
H.1103	17	17	not_applicable=1;reported=16
H.111	452	452	parse_error=1;reported=451
H.112	378	378	not_applicable=1;reported=377
H.113	436	436	parse_error=1;reported=435
H.114	399	399	parse_error=1;reported=398
H.115	387	387	not_applicable=1;parse_error=1;reported=385
H.116	321	321	not_applicable=2;reported=319
H.117	400	400	not_applicable=1;parse_error=1;reported=398
H.118	404	404	reported=404
H.119	444	444	parse_error=1;reported=443
H.120	437	437	parse_error=1;reported=436
H.1201	331	331	reported=331
H.1202	328	328	reported=328
H.1203	324	324	reported=324
H.1204	81	81	reported=81
H.1205	106	106	reported=106
H.1206	144	144	reported=144
H.1207	12	12	reported=12
H.1208	11	11	reported=11
H.121	463	463	not_applicable=1;reported=462
H.122	443	443	not_applicable=1;reported=442
H.123	335	335	not_applicable=1;parse_error=1;reported=333
H.124	418	418	reported=418
H.125	431	431	reported=431
H.126	387	387	not_applicable=1;parse_error=1;reported=385
H.127	318	318	not_applicable=1;parse_error=1;reported=316
H.128	73	73	parse_error=1;reported=72
H.1301	339	339	reported=339
H.1302	329	329	reported=329
H.1303	338	338	reported=338
H.1304	319	319	reported=319
H.1305	326	326	reported=326
H.1306	22	22	reported=22
H.1307	17	17	reported=17
H.1308	6	6	reported=6
H.1309	3	3	reported=3
H.1401	318	318	reported=318
H.1402	164	164	reported=164
H.1403	214	214	reported=214
H.1404	221	221	reported=221
H.1405	45	45	reported=45
H.1406	71	71	not_applicable=1;reported=70
H.1407	243	243	reported=243
H.1408	250	250	reported=250
H.1409	35	35	reported=35
H.1410	215	215	reported=215
H.1411	202	202	reported=202
H.1412	54	54	reported=54
H.1413	69	69	reported=69
H.1414	51	51	reported=51
H.1415	17	17	not_applicable=1;reported=16
H.1416	90	90	reported=90
H.1417	79	79	reported=79
H.1418	8	8	reported=8
H.1419	129	129	reported=129
H.1501	357	357	not_applicable=12;parse_error=67;reported=278
H.201	325	325	parse_error=4;reported=321
H.202	384	384	parse_error=2;reported=382
H.203	385	385	parse_error=2;reported=383
H.204	384	384	parse_error=2;reported=382
H.205	384	384	parse_error=2;reported=382
H.206	385	385	parse_error=2;reported=383
H.207	381	381	parse_error=2;reported=379
H.208	378	378	parse_error=4;reported=374
H.209	376	376	parse_error=11;reported=365
H.210	376	376	parse_error=1;reported=375
H.211	377	377	reported=377
H.212	376	376	reported=376
H.213	364	364	parse_error=1;reported=363
H.214	330	330	parse_error=3;reported=327
H.215	392	392	parse_error=2;reported=390
H.216	394	394	parse_error=2;reported=392
H.217	391	391	parse_error=2;reported=389
H.218	388	388	reported=388
H.219	391	391	not_applicable=1;parse_error=1;reported=389
H.220	391	391	parse_error=3;reported=388
H.221	385	385	parse_error=1;reported=384
H.222	402	402	parse_error=30;reported=372
H.223	402	402	parse_error=1;reported=401
H.224	383	383	reported=383
H.225	384	384	reported=384
H.226	364	364	reported=364
H.227	288	288	parse_error=3;reported=285
H.228	360	360	parse_error=22;reported=338
H.229	363	363	parse_error=3;reported=360
H.230	357	357	parse_error=2;reported=355
H.231	360	360	parse_error=23;reported=337
H.232	346	346	not_applicable=1;parse_error=9;reported=336
H.233	333	333	parse_error=1;reported=332
H.234	335	335	not_applicable=1;parse_error=6;reported=328
H.235	328	328	parse_error=13;reported=315
H.236	314	314	reported=314
H.237	313	313	reported=313
H.238	309	309	reported=309
H.239	295	295	reported=295
H.2A01	403	403	parse_error=1;reported=402
H.2A02	387	387	parse_error=1;reported=386
H.2A03	370	370	parse_error=2;reported=368
H.2A04	352	352	parse_error=1;reported=351
H.2A05	345	345	parse_error=1;reported=344
H.2A06	333	333	parse_error=1;reported=332
H.2A07	323	323	parse_error=1;reported=322
H.2A08	303	303	parse_error=1;reported=302
H.2A09	306	306	parse_error=1;reported=305
H.2A10	287	287	parse_error=2;reported=285
H.2A11	285	285	parse_error=4;reported=281
H.2A12	262	262	parse_error=1;reported=261
H.401	359	359	parse_error=1;reported=358
H.501	403	403	parse_error=1;reported=402
H.502	401	401	parse_error=1;reported=400
H.503	301	301	not_applicable=1;parse_error=4;reported=296
H.504	293	293	not_applicable=1;parse_error=2;reported=290
H.505	389	389	parse_error=1;reported=388
H.506	406	406	parse_error=2;reported=404
H.507	402	402	parse_error=1;reported=401
H.508	301	301	not_applicable=1;parse_error=2;reported=298
H.509	296	296	not_applicable=1;parse_error=1;reported=294
H.510	391	391	parse_error=2;reported=389
H.511	403	403	reported=403
H.512	401	401	reported=401
H.513	295	295	not_applicable=1;parse_error=1;reported=293
H.514	285	285	not_applicable=1;reported=284
H.515	390	390	reported=390
H.601	193	193	reported=193
H.602	258	258	reported=258
H.603	33	33	reported=33
H.604	220	220	parse_error=6;reported=214
H.605	266	266	parse_error=6;reported=260
H.606	296	296	parse_error=4;reported=292
H.701	51	51	reported=51
H.702	50	50	reported=50
H.703	94	94	reported=94
H.704	87	87	reported=87
H.7101	16	16	reported=16
H.7102	1	1	reported=1
H.7103	5	5	reported=5
H.801	337	337	reported=337
H.802	31	31	reported=31
H.803	120	120	reported=120
H.804	55	55	reported=55
H.805	73	73	reported=73
H.806	38	38	reported=38
H.807	62	62	reported=62
H.808	10	10	reported=10
H.901	212	212	reported=212
H.902	215	215	not_applicable=1;reported=214
H.903	242	242	reported=242
H.904	90	90	reported=90
H.905	91	91	reported=91
H.906	91	91	reported=91
H.907	25	25	reported=25
I.101	417	417	parse_error=5;reported=412
I.102	411	411	parse_error=4;reported=407
I.103	417	417	parse_error=4;reported=413
I.104	417	417	parse_error=4;reported=413
I.105	400	400	parse_error=4;reported=396
I.106	401	401	parse_error=5;reported=396
I.107	385	385	parse_error=3;reported=382
I.108	366	366	parse_error=3;reported=363
I.109	352	352	parse_error=4;reported=348
I.110	290	290	parse_error=3;reported=287
I.111	414	414	parse_error=3;reported=411
I.112	409	409	parse_error=4;reported=405
I.113	413	413	parse_error=2;reported=411
I.114	415	415	parse_error=4;reported=411
I.115	389	389	parse_error=4;reported=385
I.116	382	382	parse_error=5;reported=377
I.117	368	368	parse_error=3;reported=365
I.118	356	356	parse_error=3;reported=353
I.119	346	346	parse_error=3;reported=343
I.120	287	287	parse_error=3;reported=284
I.121	421	421	parse_error=4;reported=417
I.122	419	419	parse_error=4;reported=415
I.123	420	420	parse_error=3;reported=417
I.124	422	422	parse_error=4;reported=418
I.125	415	415	parse_error=5;reported=410
I.126	410	410	parse_error=4;reported=406
I.127	398	398	parse_error=3;reported=395
I.128	385	385	parse_error=4;reported=381
I.129	376	376	parse_error=3;reported=373
I.130	349	349	parse_error=2;reported=347
I.201	379	379	parse_error=12;reported=367
I.202	392	392	parse_error=3;reported=389
I.203	317	317	parse_error=3;reported=314
I.301	375	375	parse_error=4;reported=371
I.302	383	383	parse_error=4;reported=379
I.303	372	372	parse_error=5;reported=367
I.304	383	383	parse_error=4;reported=379
I.305	378	378	parse_error=4;reported=374
I.306	376	376	parse_error=4;reported=372
I.307	365	365	parse_error=4;reported=361
I.308	379	379	parse_error=3;reported=376
I.309	312	312	parse_error=3;reported=309
I.310	317	317	parse_error=3;reported=314
I.311	312	312	parse_error=3;reported=309
I.312	301	301	parse_error=3;reported=298
I.313	287	287	parse_error=3;reported=284
I.314	282	282	parse_error=3;reported=279
I.315	277	277	parse_error=3;reported=274
I.316	361	361	not_applicable=1;parse_error=3;reported=357
J.101	56	56	parse_error=2;reported=54
J.102	72	72	parse_error=3;reported=69
J.103	50	50	parse_error=3;reported=47
J.104	69	69	parse_error=4;reported=65
J.105	74	74	parse_error=2;reported=72
J.106	36	36	parse_error=3;reported=33
J.107	93	93	parse_error=3;reported=90
J.108	41	41	parse_error=3;reported=38
J.109	84	84	parse_error=2;reported=82
J.110	65	65	parse_error=2;reported=63
J.111	61	61	parse_error=2;reported=59
J.112	70	70	parse_error=2;reported=68
J.113	46	46	parse_error=2;reported=44
J.114	44	44	parse_error=2;reported=42
J.115	75	75	parse_error=2;reported=73
J.116	75	75	parse_error=2;reported=73
J.117	31	31	parse_error=2;reported=29
J.118	63	63	parse_error=3;reported=60
J.119	59	59	parse_error=3;reported=56
J.120	59	59	parse_error=6;reported=53
J.121	74	74	parse_error=2;reported=72
J.122	46	46	parse_error=2;reported=44
J.123	53	53	parse_error=3;reported=50
J.124	33	33	parse_error=2;reported=31
J.125	62	62	parse_error=2;reported=60
J.126	39	39	parse_error=2;reported=37
J.127	56	56	parse_error=3;reported=53
J.128	47	47	parse_error=2;reported=45
J.129	65	65	parse_error=3;reported=62
J.130	83	83	parse_error=4;reported=79
J.131	36	36	parse_error=3;reported=33
J.132	33	33	parse_error=3;reported=30
J.133	34	34	parse_error=3;reported=31
J.134	34	34	parse_error=3;reported=31
J.135	82	82	parse_error=3;reported=79
J.136	85	85	parse_error=2;reported=83
J.137	108	108	parse_error=2;reported=106
J.138	47	47	parse_error=4;reported=43
J.139	17	17	parse_error=5;reported=12
J.140	474	474	parse_error=3;reported=471
J.141	35	35	parse_error=6;reported=29
J.142	28	28	parse_error=5;reported=23
J.143	23	23	parse_error=5;reported=18
J.144	25	25	parse_error=6;reported=19
J.145	28	28	parse_error=5;reported=23
J.146	23	23	parse_error=5;reported=18
J.147	29	29	parse_error=5;reported=24
J.148	25	25	parse_error=4;reported=21
J.149	28	28	parse_error=4;reported=24
J.150	27	27	parse_error=5;reported=22
J.151	37	37	parse_error=4;reported=33
J.152	24	24	parse_error=4;reported=20
J.153	27	27	parse_error=5;reported=22
J.154	26	26	parse_error=4;reported=22
J.155	26	26	parse_error=3;reported=23
J.156	63	63	parse_error=6;reported=57
J.157	24	24	parse_error=4;reported=20
J.158	28	28	parse_error=4;reported=24
J.159	24	24	parse_error=6;reported=18
J.160	25	25	parse_error=6;reported=19
J.161	29	29	parse_error=5;reported=24
J.162	22	22	parse_error=3;reported=19
J.163	24	24	parse_error=5;reported=19
J.164	23	23	parse_error=4;reported=19
J.165	28	28	parse_error=4;reported=24
J.166	24	24	parse_error=4;reported=20
J.167	25	25	parse_error=3;reported=22
J.168	34	34	parse_error=5;reported=29
J.169	27	27	parse_error=7;reported=20
J.170	27	27	parse_error=5;reported=22
J.171	25	25	parse_error=4;reported=21
J.172	26	26	parse_error=4;reported=22
J.173	25	25	parse_error=5;reported=20
J.174	29	29	parse_error=5;reported=24
J.175	33	33	parse_error=5;reported=28
J.176	39	39	parse_error=5;reported=34
J.177	40	40	parse_error=5;reported=35
J.178	28	28	parse_error=6;reported=22
J.179	18	18	parse_error=8;reported=10
J.180	452	452	parse_error=4;reported=448
J.181	156	156	parse_error=5;reported=151
J.182	360	360	parse_error=6;reported=354
J.183	203	203	parse_error=5;reported=198
J.184	335	335	parse_error=16;reported=319
J.185	350	350	parse_error=3;reported=347
J.186	114	114	parse_error=8;reported=106
J.187	435	435	parse_error=3;reported=432
J.188	95	95	parse_error=3;reported=92
J.189	353	353	parse_error=5;reported=348
J.190	334	334	parse_error=2;reported=332
J.191	165	165	parse_error=3;reported=162
J.192	401	401	parse_error=10;reported=391
J.193	167	167	parse_error=4;reported=163
J.194	143	143	parse_error=3;reported=140
J.195	433	433	parse_error=10;reported=423
J.196	287	287	parse_error=9;reported=278
J.197	79	79	parse_error=2;reported=77
J.198	444	444	parse_error=2;reported=442
J.199	431	431	parse_error=14;reported=417
J.200	283	283	parse_error=3;reported=280
J.201	328	328	parse_error=8;reported=320
J.202	262	262	parse_error=1;reported=261
J.203	386	386	parse_error=13;reported=373
J.204	94	94	parse_error=2;reported=92
J.205	427	427	parse_error=6;reported=421
J.206	91	91	parse_error=1;reported=90
J.207	431	431	parse_error=1;reported=430
J.208	196	196	parse_error=1;reported=195
J.209	284	284	parse_error=2;reported=282
J.210	433	433	parse_error=4;reported=429
J.211	78	78	parse_error=1;reported=77
J.212	75	75	parse_error=1;reported=74
J.213	77	77	parse_error=1;reported=76
J.214	97	97	parse_error=2;reported=95
J.215	420	420	parse_error=2;reported=418
J.216	326	326	parse_error=2;reported=324
J.217	386	386	parse_error=2;reported=384
J.218	423	423	parse_error=8;reported=415
J.219	37	37	parse_error=2;reported=35
J.220	447	447	parse_error=1;reported=446
